id,name,url,is_enabled,created_at
1,陆金所,http://www.lu.com,0,"2016-09-13 11:49:10"
2,爱钱进,http://www.iqianjin.com,0,"2016-09-13 11:49:10"
3,你我贷,http://www.niwodai.com,0,"2016-09-13 11:49:10"
4,惠金所,https://www.hfax.com,0,"2016-09-13 11:49:10"
5,红岭创投,http://www.my089.com,0,"2016-09-13 11:51:56"
6,微贷网,https://www.weidai.com.cn,0,"2016-09-13 11:51:56"
7,鑫合汇,https://www.xinhehui.com,0,"2016-09-13 11:51:56"
8,小牛在线,http://www.xiaoniu88.com,0,"2016-09-13 11:51:56"
9,PPMoney,https://www.ppmoney.com,0,"2016-09-13 11:51:56"
10,团贷网,https://www.tuandai.com,0,"2016-09-13 11:51:56"
11,翼龙贷,http://www.eloancn.com,0,"2016-09-13 11:51:56"
12,易贷网,http://www.yidai.com,0,"2016-09-13 11:51:56"
13,向上金服,https://www.xiangshang360.com/xweb/index,0,"2016-09-13 11:51:56"
14,民贷天下,https://www.mindai.com,0,"2016-09-13 11:51:56"
15,链家理财,https://licai.lianjia.com,0,"2016-09-13 11:51:56"
16,小宝金服,http://www.19jf.cn,0,"2016-09-13 11:51:56"
